{
  "rec_001": {
    "agent": 0.27735,
    "ai": 0.27735,
    "aim": 0.27735,
    "com": 0.27735,
    "context": 0.27735,
    "course": 0.27735,
    "credit": 0.27735,
    "dav": 0.27735,
    "graduate": 0.27735,
    "model": 0.27735,
    "protocol": 0.27735,
    "summer": 0.27735,
    "titled": 0.27735
  },
  "rec_002": {
    "ai": 0.25,
    "assistant": 0.25,
    "coding": 0.25,
    "command": 0.25,
    "course": 0.25,
    "experience": 0.25,
    "familiarity": 0.25,
    "git": 0.25,
    "github": 0.25,
    "line": 0.25,
    "prior": 0.25,
    "programming": 0.25,
    "python": 0.25,
    "recommend": 0.25,
    "typescript": 0.25,
    "work": 0.25
  },
  "rec_003": {
    "course": 0.288675,
    "demo": 0.288675,
    "guided": 0.288675,
    "hands-on": 0.288675,
    "lecture": 0.288675,
    "meet": 0.288675,
    "on": 0.288675,
    "person": 0.288675,
    "pm": 0.288675,
    "project": 0.288675,
    "thursday": 0.288675,
    "uses": 0.288675
  },
  "rec_004": {
    "agent": 0.25,
    "ai": 0.25,
    "building": 0.25,
    "context": 0.25,
    "course": 0.25,
    "engineering": 0.25,
    "foundation": 0.25,
    "graduate": 0.25,
    "method": 0.25,
    "model": 0.25,
    "practical": 0.25,
    "protocol": 0.25,
    "student": 0.25,
    "system": 0.25,
    "teache": 0.25,
    "through": 0.25
  },
  "rec_005": {
    "agency": 0.25,
    "ai": 0.25,
    "client": 0.25,
    "discipline": 0.25,
    "engineering": 0.25,
    "environment": 0.25,
    "host": 0.25,
    "involving": 0.25,
    "prompt": 0.25,
    "resource": 0.25,
    "secure": 0.25,
    "server": 0.25,
    "software": 0.25,
    "syllabu": 0.25,
    "tool": 0.25,
    "treat": 0.25
  },
  "rec_006": {
    "data": 0.242536,
    "grounded": 0.242536,
    "java": 0.242536,
    "javascript": 0.242536,
    "local": 0.242536,
    "mcp": 0.242536,
    "multi-agent": 0.242536,
    "progress": 0.242536,
    "python": 0.242536,
    "sdks": 0.242536,
    "server": 0.242536,
    "student": 0.242536,
    "system": 0.242536,
    "typescript": 0.242536,
    "using": 0.242536,
    "utility": 0.242536,
    "workflow": 0.242536
  },
  "rec_007": {
    "against": 0.208514,
    "autonomy": 0.208514,
    "computation": 0.208514,
    "context": 0.208514,
    "course": 0.208514,
    "data": 0.208514,
    "defense": 0.208514,
    "deployment": 0.208514,
    "economic": 0.208514,
    "emphasize": 0.208514,
    "indirect": 0.208514,
    "injection": 0.208514,
    "local": 0.208514,
    "poisoning": 0.208514,
    "professional": 0.208514,
    "prompt": 0.208514,
    "protection": 0.208514,
    "reduction": 0.208514,
    "secure": 0.208514,
    "sensitive": 0.208514,
    "through": 0.208514,
    "token": 0.208514,
    "tool": 0.208514
  },
  "rec_008": {
    "able": 0.316228,
    "architecture": 0.316228,
    "explain": 0.316228,
    "host-client-server": 0.316228,
    "mcp": 0.316228,
    "prompt": 0.316228,
    "resource": 0.316228,
    "role": 0.316228,
    "student": 0.316228,
    "tool": 0.316228
  },
  "rec_009": {
    "able": 0.208514,
    "ai": 0.208514,
    "antigravity": 0.208514,
    "approved": 0.208514,
    "build": 0.208514,
    "claude": 0.208514,
    "cli": 0.208514,
    "code": 0.208514,
    "codex": 0.208514,
    "coding": 0.208514,
    "comparable": 0.208514,
    "gemini": 0.208514,
    "host": 0.208514,
    "local": 0.208514,
    "mcp": 0.208514,
    "openai": 0.208514,
    "opencode": 0.208514,
    "sdks": 0.208514,
    "server": 0.208514,
    "student": 0.208514,
    "such": 0.208514,
    "tool": 0.208514,
    "utility": 0.208514
  },
  "rec_010": {
    "able": 0.242536,
    "access": 0.242536,
    "agent": 0.242536,
    "code": 0.242536,
    "controlled": 0.242536,
    "cost": 0.242536,
    "database": 0.242536,
    "ground": 0.242536,
    "mcp-assisted": 0.242536,
    "optimizing": 0.242536,
    "rag": 0.242536,
    "resource": 0.242536,
    "sql": 0.242536,
    "student": 0.242536,
    "vector": 0.242536,
    "while": 0.242536,
    "workflow": 0.242536
  },
  "rec_011": {
    "agentic": 0.353553,
    "optimized": 0.353553,
    "portfolio": 0.353553,
    "present": 0.353553,
    "production-ready": 0.353553,
    "secure": 0.353553,
    "student": 0.353553,
    "system": 0.353553
  },
  "rec_012": {
    "account": 0.2,
    "ai": 0.2,
    "approved": 0.2,
    "coding": 0.4,
    "environment": 0.2,
    "github": 0.2,
    "host": 0.2,
    "include": 0.2,
    "js": 0.2,
    "laptop": 0.2,
    "least": 0.2,
    "mcp-capable": 0.2,
    "needed": 0.2,
    "newer": 0.4,
    "node": 0.2,
    "one": 0.2,
    "python": 0.2,
    "required": 0.2,
    "tool": 0.2
  },
  "rec_013": {
    "antigravity": 0.185695,
    "chroma": 0.185695,
    "claude": 0.185695,
    "cli": 0.371391,
    "code": 0.185695,
    "codex": 0.185695,
    "docker": 0.185695,
    "fastapi": 0.185695,
    "gateway": 0.185695,
    "gemini": 0.185695,
    "include": 0.185695,
    "java": 0.185695,
    "may": 0.185695,
    "mcp": 0.185695,
    "memory": 0.185695,
    "openai": 0.185695,
    "optional": 0.185695,
    "postgre": 0.185695,
    "sdks": 0.185695,
    "secure": 0.185695,
    "server": 0.185695,
    "sqlite": 0.185695,
    "sse": 0.185695,
    "streamablehttp": 0.185695,
    "tool": 0.185695,
    "typescript": 0.185695
  },
  "rec_014": {
    "based": 0.223607,
    "check": 0.223607,
    "code": 0.223607,
    "deliverable": 0.223607,
    "documentation": 0.223607,
    "explanation": 0.223607,
    "final": 0.223607,
    "grade": 0.223607,
    "interview": 0.223607,
    "mcp": 0.223607,
    "on": 0.223607,
    "ownership": 0.223607,
    "participation": 0.223607,
    "peer": 0.223607,
    "project": 0.223607,
    "reflection": 0.223607,
    "review": 0.223607,
    "skill": 0.223607,
    "testing": 0.223607,
    "weekly": 0.223607
  },
  "rec_015": {
    "developer": 0.316228,
    "grade": 0.316228,
    "hello": 0.316228,
    "mcp": 0.316228,
    "percent": 0.316228,
    "plus": 0.316228,
    "project": 0.316228,
    "server": 0.316228,
    "utility": 0.316228,
    "worth": 0.316228
  },
  "rec_016": {
    "base": 0.316228,
    "grade": 0.316228,
    "grounding": 0.316228,
    "knowledge": 0.316228,
    "mcp": 0.316228,
    "percent": 0.316228,
    "project": 0.316228,
    "server": 0.316228,
    "sqlite": 0.316228,
    "worth": 0.316228
  },
  "rec_017": {
    "agent": 0.333333,
    "flow": 0.333333,
    "grade": 0.333333,
    "percent": 0.333333,
    "plus": 0.333333,
    "project": 0.333333,
    "review": 0.333333,
    "task": 0.333333,
    "worth": 0.333333
  },
  "rec_018": {
    "extended": 0.353553,
    "grade": 0.353553,
    "mcp": 0.353553,
    "percent": 0.353553,
    "portfolio": 0.353553,
    "project": 0.353553,
    "system": 0.353553,
    "worth": 0.353553
  },
  "rec_019": {
    "ai": 0.213201,
    "clarity": 0.213201,
    "code": 0.213201,
    "documentation": 0.213201,
    "emphasize": 0.213201,
    "explanation": 0.213201,
    "file": 0.213201,
    "functionality": 0.213201,
    "implementation": 0.213201,
    "interaction": 0.213201,
    "limitation": 0.213201,
    "mcp": 0.213201,
    "memory": 0.213201,
    "process": 0.213201,
    "project": 0.213201,
    "quality": 0.213201,
    "rubric": 0.213201,
    "skill": 0.213201,
    "student": 0.213201,
    "suggested": 0.213201,
    "testing": 0.213201,
    "understanding": 0.213201
  },
  "rec_020": {
    "ai": 0.204124,
    "approache": 0.204124,
    "brainstorm": 0.204124,
    "concept": 0.204124,
    "debug": 0.204124,
    "development": 0.204124,
    "draft": 0.204124,
    "example": 0.204124,
    "final": 0.204124,
    "generate": 0.204124,
    "improve": 0.204124,
    "learn": 0.204124,
    "may": 0.204124,
    "project": 0.204124,
    "remain": 0.204124,
    "responsible": 0.204124,
    "student": 0.204124,
    "support": 0.204124,
    "they": 0.204124,
    "use": 0.204124,
    "work": 0.408248
  },
  "rec_021": {
    "ai": 0.213201,
    "ai-assisted": 0.213201,
    "explaining": 0.213201,
    "following": 0.213201,
    "information": 0.213201,